	anger	fear	joy	analytical	confident	tentative	danceability	acousticness	valence	tempo	energy	time_signature	mode	loudness	key
0	0.0	0.0	0.684003	0.0	0.0	0.579049	0.368	0.986	0.103	103.039	0.116	4.0	1.0	-23.524	6.0
1	0.0	0.0	0.684003	0.0	0.0	0.579049	0.368	0.986	0.103	103.039	0.116	4.0	1.0	-23.524	6.0
2	0.0	0.0	0.0	0.0	0.0	0.936899	0.461	0.221	0.0389	82.376	0.391	4.0	0.0	-10.292	6.0
3	0.0	0.0	0.591415	0.779406	0.0	0.855046	0.171	0.767	0.0585	124.978	0.0185	4.0	0.0	-37.145	4.0
4	0.0	0.0	0.859161	0.0	0.0	0.0	0.324	0.987	0.0383	120.169	0.0379	4.0	1.0	-25.247	11.0
5	0.0	0.0	0.81388	0.0	0.0	0.7473	0.273	0.74	0.036	112.277	0.0201	4.0	1.0	-25.591	7.0
6	0.0	0.0	0.753195	0.0	0.0	0.682972	0.511	0.151	0.35	95.013	0.728	4.0	0.0	-11.486	4.0
7	0.0	0.0	0.744104	0.0	0.0	0.526858	0.134	0.962	0.0336	75.134	0.113	4.0	0.0	-22.982	9.0
8	0.0	0.0	0.617211	0.520612	0.0	0.737266	0.448	0.976	0.064	112.289	0.0248	4.0	1.0	-27.715	0.0
